fold,val_accuracy,val_f1_macro
1,0.8125,0.7579872608184814
2,0.828125,0.8170816898345947
3,0.78125,0.7967652082443237
4,0.890625,0.904603123664856
5,0.71875,0.6933056116104126
