{
  "mean_accuracy": 0.80625,
  "std_accuracy": 0.06308321636933234,
  "mean_f1_macro": 0.7939485788345337,
  "std_f1_macro": 0.07779737425277636
}