fold,val_accuracy,val_f1_macro
1,0.796875,0.7599215507507324
2,0.828125,0.8205472230911255
3,0.828125,0.8261678218841553
4,0.734375,0.7528859376907349
5,0.828125,0.8116707801818848
