{
  "mean_accuracy": 0.803125,
  "std_accuracy": 0.040745015032516554,
  "mean_f1_macro": 0.7942386627197265,
  "std_f1_macro": 0.03501143496842611
}